ORGMaker,Filename,
2dbro,~Peace of the Town~.org,
2dbro,10 beat funk.org,
2dbro,10 minutes 10 finished.org,
2dbro,10 minutes.org,
2dbro,13 beat neat.org,
2dbro,13 brer.org,
2dbro,16.org,
2dbro,3 bas.org,
2dbro,4 3 3 4.org,
2dbro,4 beat 4 step 128 wait.org,
2dbro,6 beatr.org,
2dbro,66 95.org,
2dbro,66 billion.org,
2dbro,66 redemption.org,
2dbro,66all.org,
2dbro,66call.org,
2dbro,66redemptionboss.org,
2dbro,69!!!!.org,
2dbro,87.org,
2dbro,8th.org,
2dbro,9.org,
2dbro,a billion brazillians - funky monkey.org,
2dbro,a journey through space and time.org,
2dbro,a walk in the park.org,
2dbro,a_billion_brazillians_-_funky_monkey.org,
2dbro,a.org,
2dbro,aaaaaaaa.org,
2dbro,abandonware.org,
2dbro,access remix 2.org,
2dbro,Accidental Mimiga.org,
2dbro,act transition.org,
2dbro,Adding and Subtracting.org,
2dbro,ale 6.org,
2dbro,all the funky stars.org,
2dbro,alram.org,
2dbro,ambiance.org,
2dbro,amndience.org,
2dbro,anticipation.org,
2dbro,ap ock.org,
2dbro,aqua.org,
2dbro,ar.org,
2dbro,arcade charade.org,
2dbro,army of me.org,
2dbro,arp progression i made 3 years ago [remastered].org,
2dbro,arpevronin.org,
2dbro,arpos.org,
2dbro,ass blaster 3000.org,
2dbro,asterisk.org,
2dbro,avronin hd.org,
2dbro,avronin.org,
2dbro,b.org,
2dbro,ba se.org,
2dbro,bad.org,
2dbro,bad1.org,
2dbro,balls.org,
2dbro,bam.org,
2dbro,bangerr2.org,
2dbro,based.org,
2dbro,bassbuilder.org,
2dbro,Bb 13.org,
2dbro,bbrybg.org,
2dbro,because i freaked it.org,
2dbro,binelasft.org,
2dbro,birds song.org,
2dbro,Bitch Asshole.org,
2dbro,bjiahubdag.org,
2dbro,blargo xx title 2.org,
2dbro,blargoes with guns.org,
2dbro,blargon.org,
2dbro,Blargorigins title.org,
2dbro,Blaster Master.org,
2dbro,blingo bango.org,
2dbro,blink sucks BIG pp.org,
2dbro,blink sucks.org,
2dbro,BLU TALKS.ogg.mid.org,
2dbro,blue skies and sunshine.org,
2dbro,blues progressive.org,
2dbro,blurgo.org,
2dbro,Boasting Winter Blast.org,
2dbro,bom.org,
2dbro,bome.org,
2dbro,bon us.org,
2dbro,bone marrow.org,
2dbro,bong hits 4 jesus.org,
2dbro,boop beep.org,
2dbro,boring again.org,
2dbro,boring.org,
2dbro,borng.org,
2dbro,boss (2).org,
2dbro,boss fanfare.org,
2dbro,boss phase 2.org,
2dbro,Boss.org,
2dbro,bossang.org,
2dbro,brainsmell.org,
2dbro,brengus.org,
2dbro,BrewData.org,
2dbro,Bridge over the Haunted River.org,
2dbro,brown.org,
2dbro,bum.org,
2dbro,bumtsh.org,
2dbro,bungus.org,
2dbro,bunky chunk.org,
2dbro,bunky chunky.org,
2dbro,burger hurler.org,
2dbro,bwaaaa.org,
2dbro,bwawawang.org,
2dbro,bwing bong.org,
2dbro,bwowowowow.org,
2dbro,can i get a nice meme.org,
2dbro,cat.org,
2dbro,cave of the fallen.org,
2dbro,chain saw.org,
2dbro,Change.org,
2dbro,cheer.org,
2dbro,chodre.org,
2dbro,chrimbus.org,
2dbro,christmas smedley.org,
2dbro,christmashup.org,
2dbro,chugga choo.org,
2DBro,ckalashaka.org,
2dbro,clock knockin.org,
2dbro,Close Counter.org,
2dbro,cloud climbing.org,
2dbro,cloud in the sea.org,
2dbro,cloud world.org,
2dbro,Clouds of Avon.org,
2dbro,code yellow.org,
2dbro,combo crasher.org,
2dbro,convert.org,
2dbro,cool drum.org,
2dbro,cool fx.org,
2dbro,cool thing.org,
2dbro,credits.org,
2dbro,creditssnappy.org,
2dbro,crossing 2018.org,
2dbro,Crossing.org,
2dbro,da beets.org,
2dbro,dad.org,
2dbro,dader.org,
2dbro,Damp Cave.org,
2dbro,dan.org,
2dbro,dark cave.org,
2dbro,Darkness.org,
2dbro,Data.org,
2dbro,datae.org,
2dbro,datanew.org,
2dbro,deepcavebad.org,
2dbro,dereck.org,
2dbro,descension.org,
2dbro,Desert_Village2d.org,
2dbro,deslat.org,
2dbro,Destroying Science.org,
2dbro,different time signature different track.org,
2dbro,ding ding.org,
2dbro,dingaling.org,
2dbro,dirty deeds done for a reasonable price.1.org,
2dbro,dirty deeds done for a reasonable price.org,
2dbro,djm.org,
2dbro,dream hub.org,
2dbro,dreamscape to the limit.org,
2dbro,dreamscape.org,
2dbro,Drucks.org,
2dbro,druma.org,
2dbro,drumbo.org,
2dbro,dubya.org,
2dbro,DUMB AND BASS.org,
2dbro,dumb chordes.org,
2dbro,dumb drumb.org,
2dbro,dumb ech o.org,
2dbro,dumb song.org,
2dbro,dumb.org,
2dbro,dumbdfgh.org,
2dbro,dumnjnf.org,
2dbro,dums.org,
2dbro,dungeon.org,
2dbro,dying tooth.org,
2dbro,each.org,
2dbro,ear.org,
2dbro,echo.org,
2dbro,eggplant emoji.org,
2dbro,electric currents.org,
2dbro,electronic cavern.org,
2dbro,eleven.org,
2dbro,eltiT a tuohtiW gnoS.org,
2dbro,embiance.org,
2dbro,endless purgatory in hiatus.org,
2dbro,erer.org,
2dbro,even deeper.org,
2dbro,extractlist.txt,
2dbro,Eyeglass World (2).org,
2dbro,Eyeglass World.org,
2dbro,eyes emoji but every wave is wave 66.org,
2dbro,eyes emoji.org,
2dbro,failure fanfare.org,
2dbro,fale01.org,
2dbro,fale02.org,
2dbro,fallen  2.org,
2dbro,fallen  6.org,
2dbro,Falling.org,
2dbro,family man.org,
2dbro,fanfale1.org,
2dbro,fanfare.org,
2dbro,fast.org,
2dbro,fat.org,
2dbro,feel.org,
2dbro,feeling the funk.org,
2dbro,Fifteen_Reasons.org,
2dbro,fight against a bassy boss.org,
2dbro,fight against an unredeemable opponent.org,
2dbro,finger horse.org,
2dbro,fingerhorse.org,
2dbro,fingerpocalypse.org,
2dbro,first 2 measures.org,
2dbro,five beat.org,
2dbro,five beater.org,
2dbro,five six seven.org,
2dbro,fixtrack2dtoys.org,
2dbro,folur cbiy.org,
2dbro,four chord 2.org,
2dbro,four chord and seven years ago.org,
2dbro,four.org,
2dbro,francis.org,
2dbro,free hentai.org,
2dbro,frolick.org,
2dbro,fuck off.org,
2dbro,funbky bunkmy.org,
2dbro,funday2 3.org,
2dbro,funny drum !.org,
2dbro,funny drum less funny hihat.org,
2dbro,funny.org,
2dbro,future is NOW.org,
2dbro,game over (2).org,
2dbro,game over.org,
2dbro,game over(unfinished).org,
2dbro,Game... over....org,
2dbro,gba advance.org,
2dbro,get itemm.org,
2dbro,ghostly presents.org,
2dbro,give me my ball back.org,
2dbro,GlEicHwAVe.org,
2dbro,Go-Go-Gadget Sneak Shoes!.org,
2dbro,Gold.org,
2dbro,good.org,
2dbro,great.org,
2dbro,gro.ataDweN.org,
2dbro,grose.org,
2dbro,gunkk.org,
2dbro,happ.org,
2dbro,happy sunset.org,
2dbro,HappyBoss.org,
2dbro,hat.org,
2dbro,hat2.org,
2dbro,haxx i hate your orgmaker drum samples.org,
2dbro,haxx more like poop.org,
2dbro,haxx's favorite song.org,
2dbro,headman chapter 2.org,
2dbro,headman misses the subway.org,
2dbro,headman theme.org,
2dbro,headman.org,
2dbro,heirloom.org,
2dbro,hello.org,
2dbro,here we go.org,
2dbro,hey beter can i get a despicable boneless pizza dab 3 featuring dante from the devil may cry series.org,
2dbro,hey.org,
2dbro,hidef.org,
2dbro,high hat low hat.org,
2dbro,high pitched.org,
2dbro,HIOPEN.org,
2dbro,how about.org,
2dbro,i ate all the pizza and my internet isnt working.org,
2dbro,i give up.org,
2dbro,i hate noobs.org,
2dbro,I hate you.org,
2dbro,i made the ocean floor org better.org,
2Dbro,im_putting_off_buying_a_new_car_so_lets_make_an_org_instead.org,
2dbro,imagine the outskirts of the universe.org,
2dbro,imitation_duck.org,
2dbro,in.org,
2dbro,inderlude.org,
2dbro,insane regal fairy castle of royality.org,
2dbro,interior.org,
2dbro,intro (2).org,
2dbro,intro.org,
2dbro,islands.org,
2dbro,it got worse.org,
2dbro,it was a night like any other.org,
2dbro,item fanfare (2).org,
2dbro,item fanfare.org,
2dbro,j.org,
2dbro,J[J]ThreshBOSS.org,
2dbro,jazxn.org,
2dbro,jazz hands.org,
2dbro,jazzles.org,
2dbro,Joke Stir.org,
2dbro,jumpe.org,
2dbro,Jungle.org,
2dbro,juxtaposition.org,
2dbro,kinginstrument.org,
2dbro,kingrdum.org,
2dbro,laugh track.org,
2dbro,ligh.org,
2dbro,literally the hardest part of making a song is making the title.org,
2dbro,lkick.org,
2dbro,loss.org,
2dbro,lost woods (2).org,
2dbro,lost woods.org,
2dbro,lost.org,
2dbro,loud and proud.org,
2dbro,loveletter2.org,
2dbro,low alnd slow.org,
2dbro,lsd cave compat.org,
2dbro,lsd.org,
2dbro,magical flying wizard pony.org,
2dbro,Mahin DX. (blargo theme 2.0).org,
2dbro,Mahin( aka blargo theme).org,
2dbro,make room for mahin.org,
2dbro,make the melody for me!.org,
2dbro,man robic.org,
2dbro,mason.org,
2dbro,maximum overdrive.org,
2dbro,maybe.org,
2dbro,mbingo.org,
2dbro,melodies on the left and drums on the right.org,
2dbro,melody fixed.org,
2dbro,melody fixed6.org,
2dbro,minecraft theme.org,
2dbro,mischief beat.org,
2dbro,monikas revenge 2 electric boogaloo.org,
2dbro,Mountain.org,
2dbro,mouth moods.org,
2dbro,mush'd ryum intro.org,
2dbro,mush'd ryum the village of the high-way men.org,
2dbro,mushd room 8 beat.org,
2dbro,mushed room.org,
2dbro,mushed room3 (2).org,
2dbro,mushed room3.org,
2dbro,mushed room4.org,
2dbro,musica.org,
2dbro,musicfixed.org,
2dbro,namco medley.org,
2dbro,ne.org,
2dbro,neck.org,
2dbro,never finish.org,
2dbro,new lab experiment.org,
2dbro,NewData (2).org,
2dbro,NewData (3).org,
2dbro,NewData (4).org,
2dbro,NewData (5).org,
2dbro,NewData.org,
2dbro,next lab experiment.org,
2DBro,ninety.org,
2dbro,nintendo entertainment system.org,
2dbro,no internet.org,
2dbro,no limits.org,
2dbro,no more happy.org,
2dbro,no thanks maybe later.org,
2dbro,No time for napping.org,
2dbro,not again!.org,
2dbro,note 2.org,
2dbro,nothing related to blargo.org,
2dbro,OCEAN MAN 3.org,
2dbro,ocean man six.org,
2dbro,octave.org,
2dbro,ok cool.org,
2DBro,on_the_wya.org,
2dbro,only 24.org,
2dbro,only synth.org,
2dbro,oogah.org,
2dbro,orange less ass.org,
2dbro,org.org,
2dbro,org2.org,
2dbro,orgmaker 30000 iq.org,
2dbro,oriental fill moonscape spacedive.org,
2dbro,original song.org,
2dbro,other org.org.org.org,
2dbro,over world.org,
2DBro,overlay.org,
2dbro,p.org,
2dbro,Pacifist Factory.org,
2dbro,Pacifist HQ.org,
2dbro,Parched (2).org,
2dbro,Parched.org,
2dbro,penny swindmill(unfinished).org,
2dbro,penny's theme.org,
2dbro,pennyswindmill.org,
2dbro,pepe.org,
2dbro,percussion drum.org,
2dbro,perkushion.org,
2dbro,pi6p6.org,
2dbro,piano playing test tomorrow !.org,
2dbro,pick one.org,
2dbro,pick your favorite.org,
2dbro,pickup.org,
2dbro,ping pong.org,
2dbro,pizza ingredient found.org,
2dbro,pizza p2rlor.org,
2dbro,pizza parlor.org,
2dbro,pizzalover.org,
2dbro,pizzaques2.org,
2dbro,poggers.org,
2dbro,pokemon soulsand.org,
2dbro,polygondwanaland.org,
2dbro,polymerization.org,
2dbro,pongus.org,
2dbro,poop.org,
2dbro,powering up.org,
2dbro,probably not..org,
2dbro,probably.org,
2dbro,ps1 bios bass.org,
2dbro,puncho.org,
2dbro,push it to the limit.org,
2dbro,pxtone sucks.org,
2dbro,quackers.org,
2dbro,quest for pizza.org,
2dbro,rap it twist it shout it.org,
2dbro,rave juice.org,
2dbro,rave king.org,
2dbro,rave shutting down.org,
2dbro,raver.org,
2dbro,redemption.org,
2dbro,reinforced suit.org,
2dbro,resulting in the fact that it is late at night.org,
2dbro,retribution.org,
2dbro,return of disco zax.org,
2dbro,return of disco zax2.org,
2dbro,rising apocalytic cityscape.org,
2dbro,roboth.org,
2dbro,rock.org,
2dbro,rumbumer.org,
2DBro,ruperts_day.org,
2DBro,ruperts_daySTEREO.org,
2DBro,ruperts_daySTEREOFATMIX.org,
2dbro,rush.org,
2dbro,sad!.org,
2dbro,SAD.org,
2dbro,sadel.org,
2dbro,safe place.org,
2dbro,safe.org,
2dbro,safu drum.org,
2dbro,safu made this.org,
2dbro,safu made thisnes.org,
2dbro,sam the urai.org,
2dbro,Scrap (2).org,
2dbro,Scrap.org,
2dbro,scrungo chungo.org,
2dbro,scrungo.org,
2dbro,scrungus.org,
2dbro,select.org,
2dbro,select4.org,
2dbro,seventh park 2.org,
2dbro,seventh park.org,
2dbro,shinky shank.org,
2dbro,shooting star.org,
2dbro,silly fun.org,
2dbro,silly hihat..org,
2dbro,simulate lyrics.org,
2dbro,singular digit wait times.org,
2dbro,sinisterloop.org,
2dbro,slow.org,
2dbro,smell you later.org,
2dbro,Smoke Underwater.org,
2dbro,snow.org,
2dbro,snowe.org,
2dbro,something the beatles.org,
2dbro,something.org,
2dbro,song (2).org,
2dbro,song fanfare i just made.org,
2dbro,song.org,
2dbro,sonoinstrument.org,
2dbro,sounds like pokemon or something.org,
2dbro,SPACE TRUCKING.org,
2dbro,span.org,
2dbro,speakr.org,
2dbro,spipiots.org,
2dbro,spook.org,
2dbro,spotted!.org,
2dbro,steam controller.org,
2dbro,Straightforwardly Simple.org,
2dbro,strum.org,
2dbro,strumfinished.org,
2dbro,strumfinished2.org,
2dbro,stuck in the asteroid belt.org,
2dbro,stumbpid.org,
2dbro,stumpign.org,
2dbro,stupid six.org,
2dbro,swamp woods.org,
2dbro,synthmas.org,
2dbro,t but less.org,
2dbro,t.org,
2dbro,techno dramatic.org,
2dbro,temper change.org,
2dbro,tensioin.org,
2dbro,tension.org,
2dbro,tent.org,
2dbro,test (2).org,
2dbro,test (3).org,
2dbro,test thingi.org,
2dbro,test_thingi.org,
2dbro,test.org,
2dbro,that song th.org,
2dbro,the answer.org,
2dbro,the bees.org,
2dbro,the bees2.org,
2dbro,the best baste.org,
2dbro,the brain.org,
2dbro,the burger hits a.org,
2dbro,the cave of no return.org,
2dbro,the cave of no return2.org,
2dbro,the coolest song in the WORLD.org,
2dbro,the end (for real).org,
2dbro,The failure bosses.org,
2dbro,the most overused arpeggio progression in electronic music probably ever.org,
2dbro,the place.org,
2dbro,the scary.org,
2dbro,The Screen of Safety.org,
2dbro,the villain sSTRIKES.org,
2dbro,the world is ending (and its all my fault).org,
2dbro,"there's no prancing around in candyland, what were you thinking.org",
2dbro,theres a volcano in my backyard so somebody dance with me.org,
2dbro,thinb ad.org,
2dbro,thingy.org,
2dbro,thirteen once more.org,
2dbro,this is dumb..org,
2dbro,thover.org,
2dbro,three.org,
2dbro,tinkling limelight.org,
2dbro,tinn2d duck.org,
2dbro,title screen.org,
2dbro,titles.org,
2dbro,tjh.org,
2dbro,toilet chunks.org,
2dbro,tremolo pedal.org,
2dbro,tritrumph.org,
2dbro,Tropical Mahin.org,
2dbro,tytley.org,
2dbro,ubiquitous definiteness.org,
2dbro,ugly.org,
2dbro,understand.org,
2dbro,underwater beach party.org,
2dbro,Underwater Garden.org,
2dbro,Underwater.org,
2dbro,undetected.org,
2dbro,unsafe uncave.org,
2dbro,uqote.org,
2dbro,vanilla cherry.org,
2dbro,veggiator.org,
2dbro,very.org,
2dbro,video blargo.org,
2dbro,volumeFUCK.org,
2dbro,"wake up, headman!.org",
2dbro,wander.org,
2dbro,watch it.org,
2dbro,water level again.org,
2dbro,water level.org,
2dbro,watery cave.org,
2dbro,wave 66 2.org,
2dbro,wave sixty six.org,
2dbro,wave01.org,
2dbro,WAVES (2).org,
2dbro,WAVES.org,
2dbro,weapons shop.org,
2dbro,what (2).org,
2dbro,what.org,
2dbro,whatbass.org,
2dbro,whittle.org,
2dbro,whomight.org,
2dbro,will_things_get_any_better.org,
2dbro,world map.org,
2dbro,wowzers.org,
2dbro,yeah.org,
2dbro,yesterday came tomorrow.org,
2dbro,yesterday came tomorrow2.org,
2dbro,yo.org,
2dbro,Zeta Ship Battle.org,
"2dbro, Fliss",4-r3st.org,
apis,Ambient 1 - Rain outside building.org,
apis,Ambient 2 - Winds.org,
apis,Ambient 3.org,
apis,Ambient 4 - Silence.org,
apis,Ambient 5 - Swell.org,
AquaDoesStuff,8 bit race.org,
AquaDoesStuff,Apostrophe Catastrophe - TSTNH.org,
AquaDoesStuff,Escaping the Prison ~ TSTNH.org,
AquaDoesStuff,Fragments.org,
AquaDoesStuff,Haze.org,
AquaDoesStuff,Haze.org,
AquaDoesStuff,Hub detuned echo.org,
AquaDoesStuff,Hub.org,
AquaDoesStuff,NewData.org,
AquaDoesStuff,ok.org,
AquaDoesStuff,organya hardwave wtf.org,
AquaDoesStuff,Profile.dat Update _ TSTNH.org,
AquaDoesStuff,Smallsong _ TSTNH.org,
AquaDoesStuff,Spin on The Fin - TSTNH.org,
AquaDoesStuff,Spots.org,
AquaDoesStuff,Summer Blaster.org,
AquaDoesStuff,Terminal of Ram (No Drum for edits).org,
AquaDoesStuff,War of the Bots.org,
Chugga Fan,Sun_in_the_sky.org,
Chugga Fan,theme_for_something_2.org,
Chugga Fan,Ultimate_collapsation.org,
Crystalwarrior,Ambient-01.org,
Crystalwarrior,Ambient-02.org,
Crystalwarrior,Ambient-03.org,
Dredged Crusader,1 Incan sacrifices.org,
Dredged Crusader,1-Singin in the shower.org,
Dredged Crusader,10-Reflection.org,
Dredged Crusader,2 Placeholder.org,
Dredged Crusader,2-Soul Fired Power Station.org,
Dredged Crusader,3 Rainy days are the best days.org,
Dredged Crusader,3-Legos under my bed.org,
Dredged Crusader,4 Perpendicularity.org,
Dredged Crusader,4-Australia isn't upside down (yet).org,
Dredged Crusader,5 Comatose.org,
Dredged Crusader,5-Boiler Pipes.org,
Dredged Crusader,6-Atheist Church.org,
Dredged Crusader,7 Drinking at the end of the world.org,
Dredged Crusader,7-Who did you say you were again.org,
Dredged Crusader,8 That drumset be haunted.org,
Dredged Crusader,8-My beautiful blood cells.org,
Dredged Crusader,9-A full scale audio assault.org,
Dredged Crusader,Abstract Anomaly.org,
Dredged Crusader,AntiBallistic.org,
Dredged Crusader,Bleeding.org,
Dredged Crusader,Bleeding.org,
Dredged Crusader,chors.org,
Dredged Crusader,CrystalHaven.org,
Dredged Crusader,El Manana.org,
Dredged Crusader,FlatZone.org,
Dredged Crusader,get outta there!.org,
Dredged Crusader,Gore.org,
Dredged Crusader,HalfwayPlane.org,
Dredged Crusader,Infinarena.org,
Dredged Crusader,Into the pits of hell.org,
Dredged Crusader,Lost colony threat theme.org,
Dredged Crusader,Merry fucking drunk on lukewarm eggnog CHRISTMAS.org,
Dredged Crusader,PaperThin.org,
Dredged Crusader,TechnoShmeckno.org,
Dredged Crusader,ThinDreams.org,
Dredged Crusader,Turners Gotes.org,
Dredged Crusader,Ultimate collapsation.org,
Dredged Crusader,wind bombing.org,
Dredged Crusader,Wind spires.org,
Dredged Crusader,Working towards a 'brighter future'....org,
Dunc,2403.org,
Dunc,Ama.org,
Dunc,beauty.org,
Dunc,BellTower.org,
Dunc,bionic.org,
Dunc,bossthingwhatever.org,
Dunc,contest-lol.org,
Dunc,futrebassBORING.org,
Dunc,futrebassquestionmark.org,
Dunc,hhhwipwip.org,
Dunc,imtrynabeRHbutnottoomuchyfeel.org,
Dunc,itsafuckinthing.org,
Dunc,Labo2018alt.org,
Dunc,lonrolsta.org,
Dunc,ne+h2o.org,
Dunc,nes-dunc.org,
Dunc,Night.org,
Dunc,"no matter how high we go, the stars are still so far away.org",
Dunc,Past.org,
Dunc,Piece_5.org,
Dunc,Piece_5.org,
Dunc,Planet.org,
Dunc,Tech1.org,
Dunc,Tech2.org,
Dunc,TheInternetIsDunc.org,
Dunc,ThisOrgternetIsBig.org,
Dunc,Title.org,
"Dunc, 2dbro",bionic_2_2.org,
"Enlight, BLink, Sword",Amazing_Monster_X_Enlight_BLink_and_Sword.org,
"Enlight, BLink, Sword",Defeated_Monster_X_Enlight_BLink_and_Sword.org,
EnlightenedOne,Death_Of_Me.org,
EnlightenedOne / BLink / Sword,Amazing_Monster_X_Enlight_BLink_and_Sword.org,
EnlightenedOne / BLink / Sword,Defeated_Monster_X_Enlight_BLink_and_Sword.org,
Extra Life,Crimson_Fang.org,
Fliss,death_melody.org,
Fliss,LMMS_song.org,
gamemanj,mysong1.org,
GIRakaCHEEZER,ECHO.ORG,
GIRakaCHEEZER,IDEAL.ORG,
GIRakaCHEEZER,WTF.ORG,
Jazz Jackalope,Congo.org,
Jazz Jackalope,interest.org,
Jazz Jackalope,sX3.org,Shameless Sea Squirt
Jazz Jackalope,sX301.org,Shameless Sea Squirt
Jazz Jackalope,TakeABigDrag.org,
Kim Tyranto (Cibryll),Rage of Ancients (Kim).org,
Kim Tyranto (Cibryll),The Power of Heart (Kim).org,
Masro,masro theme.org,
Masro,seventh park.org,
Masro,treehouse.org,
Masro,waterway.org,
Masro,waty cave.org,
Masro,x0.org,
Miccs,Untitled for now.org,
"mLurker, 2dbro",low on caffeineorg.org,
"mLurker, 2dbro",stuck_in_an_mansion.org,
Pixel,happy00.org,
Pixel,maimai.org,
Pixel,snowfalling.org,
Pixel,town0.org,
Raymundo,penis_song.org,
rde,YEAHBABY.org,
Reddeh Le Steddeh,BestMusic.org,
Robin (Doors),1-3662-6162.org,
Robin (Doors),DoorsOriginal.org,
RSK,350 Colour me Clueless.org,
RSK,351 Shuffling the Ashes.org,
RSK,After the Rain ORG drums.org,
RSK,At Ease v2.org,
RSK,Calm before the storm possible title 2.org,
RSK,Chromatose Robot.org,
RSK,Constellation River.org,
RSK,Damp Mist.org,
RSK,Edgyness of Anonymoustyd.org,
RSK,Farewell.org,
RSK,First Order Doomsday v2.org,
RSK,Fluid Stroll.org,
RSK,Frosted flashtrap panning adjustments.org,
RSK,Frosted flashtrap.org,
RSK,High Tide Life.org,
RSK,I will leave.org,
RSK,Lamadilus Title remake.org,
RSK,Little Laugher Boss.org,
RSK,Lullabyby.org,
RSK,Lunar Boulevard.org,
RSK,Melody Assignment FPA.org,
RSK,Milkweed Galaxy.org,
RSK,NES style jingle no drums.org,
RSK,Noctural Promenade.org,
RSK,Not so Haunted v2.org,
RSK,Past Tense v2.org,
RSK,Possible ending.org,
RSK,Random Badness.org,
RSK,Rays of Relaxation.org,
RSK,Ready to Adventure.org,
RSK,Redeeming thrive.org,
RSK,Rhombus.org,
RSK,Sapling v2.org,
RSK,Slacking Off.org,
RSK,Slinkin After Dark.org,
RSK,Some Crazy Idea.org,
RSK,Something Generic.org,
RSK,Strong Heart Weak Mind.org,
RSK,Submergia.org,
RSK,Summer Chaos.org,
RSK,Tectonic.org,
RSK,The ninja returns.org,
RSK,The Untitledest of Untitleds.org,
RSK,Trash Bag Lennypede.org,
RSK,Untitled08.org,
RSK,Untitled09.org,
RSK,Untitled108.org,
RSK,Untitled12.org,
RSK,Untitled121.org,
RSK,Untitled128.org,
RSK,Untitled135.org,
RSK,Untitled140.org,
RSK,Untitled145.org,
RSK,Untitled15.org,
RSK,Untitled155.org,
RSK,Untitled158.org,
RSK,Untitled160.org,
RSK,Untitled164 alternate version.org,
RSK,Untitled164.org,
RSK,Untitled167.org,
RSK,Untitled20.org,
RSK,Untitled31.org,
RSK,Untitled34.org,
RSK,Untitled35.org,
RSK,Untitled40.org,
RSK,Untitled47.org,
RSK,Untitled48.org,
RSK,Untitled61.org,
RSK,Untitled62.org,
RSK,Untitled63.org,
RSK,Untitled67.org,
RSK,Untitled85.org,
RSK,Zetts theme take 2.org,
"RSK, Takeshi64, Tpcool",Polyricinoleate - with Takeshi64 and Tpcool.org,
Safu,Cave Story Volumeloud.org,
"Safu, 2dbro",blue fucks.org,
StarlightChaos,14 - Places We'll Go (Original).org,
StarlightChaos,15 - Sunset Assault (Original).org,
StarlightChaos,a_mere_journey_through_the_cosmos.org,
StarlightChaos,Lost_in_the_Void.org,
StarlightChaos,oops.org,
StarlightChaos,overworld.org,
StarlightChaos,overworld.org,
Tinned_Duck,A_day_at_the_circus_beyond_the_Stormy_Void.org,
Tinned_Duck,Galactic_Centre.org,
Tinned0Duck,The_Triumphant_Return_to_Known_Space.org,
Tpcool,dewford.org,
xQuoteXCurlyx,Test.org,
zxin,-.org,
2dbro,daanto.org,
Dredged Crusader,Abstract_Anomaly.org,